column,type,source,description,derivation
plot_id,str,processed feature table,plot_id,engineered or source feature
region,str,processed feature table,region,engineered or source feature
crop_type,str,processed feature table,crop_type,engineered or source feature
survey_year,int64,processed feature table,survey_year,engineered or source feature
planting_month,int64,processed feature table,planting_month,engineered or source feature
altitude_m,float64,processed feature table,altitude_m,engineered or source feature
rainfall_mm_season,float64,processed feature table,rainfall_mm_season,engineered or source feature
farm_size_ha,float64,processed feature table,farm_size_ha,engineered or source feature
fertilizer_kg_per_ha,float64,processed feature table,fertilizer_kg_per_ha,engineered or source feature
improved_seed_used,int64,processed feature table,improved_seed_used,engineered or source feature
pest_disease_flag,int64,processed feature table,pest_disease_flag,engineered or source feature
soil_quality_index,float64,processed feature table,soil_quality_index,engineered or source feature
labor_days_per_ha,float64,processed feature table,labor_days_per_ha,engineered or source feature
distance_to_market_km,float64,processed feature table,distance_to_market_km,engineered or source feature
yield_tons_per_ha,float64,processed feature table,yield_tons_per_ha,engineered or source feature
season_mean_temp,float64,processed feature table,season_mean_temp,engineered or source feature
season_rainfall_total,float64,processed feature table,season_rainfall_total,engineered or source feature
season_rainfall_mean,float64,processed feature table,season_rainfall_mean,engineered or source feature
season_extreme_heat_days,int64,processed feature table,season_extreme_heat_days,engineered or source feature
season_temp_std,float64,processed feature table,season_temp_std,engineered or source feature
missing_season_months,int64,processed feature table,missing_season_months,engineered or source feature
fertilizer_per_labor_day,float64,processed feature table,fertilizer_per_labor_day,engineered or source feature
fertilizer_x_improved_seed,float64,processed feature table,fertilizer_x_improved_seed,engineered or source feature
soil_x_fertilizer,float64,processed feature table,soil_x_fertilizer,engineered or source feature
planting_month_sin,float64,processed feature table,planting_month_sin,engineered or source feature
planting_month_cos,float64,processed feature table,planting_month_cos,engineered or source feature
rainfall_to_fertilizer,float64,processed feature table,rainfall_to_fertilizer,engineered or source feature
altitude_per_farm_size,float64,processed feature table,altitude_per_farm_size,engineered or source feature
year,int64,processed feature table,year,engineered or source feature
price_birr_per_quintal,float64,processed feature table,price_birr_per_quintal,engineered or source feature
revenue_per_ha_birr,float64,processed feature table,revenue_per_ha_birr,engineered or source feature
